"Date","Transaction Type","Transaction Status","Original Currency","Original Amount","Currency","Amount","Merchant Name","Last4","Card Name","Decline Reason"
"2023-12-15 10:21:58 +01:00","POS_TX","APPROVED","USD","48.75","USD","48.75","KODEKLOUD","3038","Enugbeh mo need owo",""
"2023-12-15 10:19:41 +01:00","DEPOSIT","APPROVED","USD","50.00","USD","50.00","Deel Balance","","",""
"2023-12-10 00:25:16 +01:00","POS_TX","APPROVED","USD","28.00","USD","28.00","PAYPAL *HEROSHE","3038","Enugbeh mo need owo",""
"2023-12-10 00:25:03 +01:00","DEPOSIT","APPROVED","USD","20.00","USD","20.00","Deel Balance","","",""
"2023-12-10 00:23:43 +01:00","POS_TX","DECLINED","USD","28.00","USD","0","PAYPAL *HEROSHE","3038","Enugbeh mo need owo","insufficient funds"
"2023-12-08 23:45:48 +01:00","POS_TX","APPROVED","ZAR","549.97","USD","29.92","EA *ELECTRONIC ARTS","3038","Enugbeh mo need owo",""
"2023-12-08 23:44:26 +01:00","DEPOSIT","APPROVED","USD","30.00","USD","30.00","Deel Balance","","",""
"2023-12-05 20:38:07 +01:00","POS_TX","DECLINED","USD","10.29","USD","0","Bamboo","3038","Enugbeh mo need owo","security risk detected"
"2023-12-05 20:38:06 +01:00","POS_TX","DECLINED","USD","10.29","USD","0","Bamboo","3038","Enugbeh mo need owo","restricted transaction"
"2023-12-04 11:04:55 +01:00","POS_TX","APPROVED","USD","14.99","USD","14.99","Amazon Prime","3038","Enugbeh mo need owo",""
"2023-12-03 12:42:59 +01:00","POS_TX","DECLINED","USD","10.99","USD","0","TIDAL","2001","Untitled Card","blocked card"
"2023-12-03 03:44:39 +01:00","POS_TX","APPROVED","USD","4.74","USD","4.74","AWS EMEA","3038","Enugbeh mo need owo",""
"2023-12-01 17:27:17 +01:00","DEPOSIT","APPROVED","USD","20.00","USD","20.00","Deel Balance","","",""
"2023-12-01 12:42:40 +01:00","POS_TX","DECLINED","USD","10.99","USD","0","TIDAL","2001","Untitled Card","blocked card"
"2023-12-01 11:12:01 +01:00","DEPOSIT","APPROVED","USD","10.00","USD","10.00","Deel Balance","","",""
"2023-12-01 11:04:48 +01:00","POS_TX","DECLINED","USD","14.99","USD","0","Amazon Prime","3038","Enugbeh mo need owo","insufficient funds"
"2023-11-30 10:21:31 +01:00","POS_TX","APPROVED","USD","26.07","USD","26.07","AMZN Mktp UK","3038","Enugbeh mo need owo",""
"2023-11-30 09:47:14 +01:00","DEPOSIT","APPROVED","USD","20.00","USD","20.00","Deel Balance","","",""
"2023-11-29 19:20:11 +01:00","REFUND","APPROVED","SGD","3.00","USD","2.24","PP*2986CODE              4029357733   LU","3038","Enugbeh mo need owo",""
"2023-11-28 14:56:23 +01:00","POS_TX","APPROVED","SGD","3.00","USD","2.29","PP*2986CODE","3038","Enugbeh mo need owo",""
"2023-11-28 12:42:52 +01:00","POS_TX","DECLINED","USD","10.99","USD","0","TIDAL","2001","Untitled Card","blocked card"
"2023-11-27 00:01:03 +01:00","REFUND","APPROVED","SGD","1.00","USD","0.75","United Airlines - Sing","3038","Enugbeh mo need owo",""
"2023-11-26 19:20:08 +01:00","POS_TX","APPROVED","ZAR","219.99","USD","11.98","EA Swiss SARL","3038","Enugbeh mo need owo",""
"2023-11-26 18:58:03 +01:00","REFUND","APPROVED","SGD","6.28","USD","4.77","PAYPAL *STEAM GAMES","3038","Enugbeh mo need owo",""
"2023-11-26 18:57:59 +01:00","POS_TX","APPROVED","SGD","6.28","USD","4.77","PAYPAL *STEAM GAMES","3038","Enugbeh mo need owo",""
"2023-11-26 18:52:27 +01:00","REFUND","APPROVED","SGD","6.28","USD","4.77","PAYPAL *STEAM GAMES","3038","Enugbeh mo need owo",""
"2023-11-26 18:52:22 +01:00","POS_TX","APPROVED","SGD","6.28","USD","4.77","PAYPAL *STEAM GAMES","3038","Enugbeh mo need owo",""
"2023-11-26 00:03:54 +01:00","REFUND","APPROVED","USD","0.46","USD","0.46","UBER   *TRIP","3038","Enugbeh mo need owo",""
"2023-11-25 23:16:49 +01:00","POS_TX","APPROVED","ZAR","52.49","USD","2.86","EA *ELECTRONIC ARTS","3038","Enugbeh mo need owo",""
"2023-11-25 23:06:31 +01:00","DEPOSIT","APPROVED","USD","2.00","USD","2.00","Deel Balance","","",""
"2023-11-25 23:06:14 +01:00","DEPOSIT","APPROVED","USD","8.00","USD","8.00","Deel Balance","","",""
"2023-11-25 23:05:17 +01:00","POS_TX","DECLINED","ZAR","549.97","USD","0","EA *ELECTRONIC ARTS","3038","Enugbeh mo need owo","insufficient funds"
"2023-11-25 23:05:16 +01:00","POS_TX","DECLINED","ZAR","549.97","USD","0","EA *ELECTRONIC ARTS","3038","Enugbeh mo need owo","insufficient funds"
"2023-11-25 12:42:56 +01:00","POS_TX","DECLINED","USD","10.99","USD","0","TIDAL","2001","Untitled Card","blocked card"
"2023-11-25 00:09:23 +01:00","REFUND","APPROVED","USD","0.21","USD","0.21","UBER   *TRIP","3038","Enugbeh mo need owo",""
"2023-11-24 23:49:04 +01:00","POS_TX","APPROVED","USD","28.00","USD","28.00","HEROSHE INC.","3038","Enugbeh mo need owo",""
"2023-11-24 14:59:38 +01:00","POS_TX","APPROVED","USD","15.40","USD","15.40","AMAZON.COM AMZN.COM/BI","3038","Enugbeh mo need owo",""
"2023-11-24 11:16:53 +01:00","POS_TX","APPROVED","USD","254.89","USD","254.89","AMAZON.COM AMZN.COM/BI","3038","Enugbeh mo need owo",""
"2023-11-24 11:11:16 +01:00","DEPOSIT","APPROVED","USD","290.00","USD","290.00","Deel Balance","","",""
"2023-11-24 10:50:07 +01:00","POS_TX","APPROVED","USD","1.99","USD","1.99","Amazon Prime","3038","Enugbeh mo need owo",""
"2023-11-24 00:09:42 +01:00","REFUND","APPROVED","USD","0.07","USD","0.07","UBER   *TRIP","3038","Enugbeh mo need owo",""
"2023-11-22 12:42:35 +01:00","POS_TX","DECLINED","USD","10.99","USD","0","TIDAL","2001","Untitled Card","blocked card"
"2023-11-21 17:36:46 +01:00","POS_TX","DECLINED","USD","20.91","USD","0","Wise","3038","Enugbeh mo need owo","security risk detected"
"2023-11-21 17:36:46 +01:00","POS_TX","DECLINED","USD","20.91","USD","0","Wise","3038","Enugbeh mo need owo","restricted transaction"
"2023-11-19 12:42:43 +01:00","POS_TX","DECLINED","USD","10.99","USD","0","TIDAL","2001","Untitled Card","blocked card"
"2023-11-17 02:14:57 +01:00","POS_TX","APPROVED","USD","0.46","USD","0.46","UBER   *TRIP","3038","Enugbeh mo need owo",""
"2023-11-16 22:14:00 +01:00","DEPOSIT","APPROVED","USD","10.00","USD","10.00","Deel Balance","","",""
"2023-11-16 22:13:53 +01:00","DEPOSIT","APPROVED","USD","10.00","USD","10.00","Deel Balance","","",""
"2023-11-16 22:05:19 +01:00","POS_TX","APPROVED","USD","4.31","USD","4.31","2033 ATL CNBC EXPRES","3038","Enugbeh mo need owo",""
"2023-11-16 22:01:40 +01:00","DEPOSIT","APPROVED","USD","5.00","USD","5.00","Deel Balance","","",""
"2023-11-16 21:20:39 +01:00","POS_TX","APPROVED","USD","4.31","USD","4.31","2033 ATL CNBC EXPRES","3038","Enugbeh mo need owo",""
"2023-11-16 18:40:44 +01:00","POS_TX","APPROVED","NGN","3,600.00","USD","4.38","DLO*Netflix.com","3038","Enugbeh mo need owo",""
"2023-11-16 18:11:53 +01:00","DEPOSIT","APPROVED","USD","10.00","USD","10.00","Deel Balance","","",""
"2023-11-16 18:04:41 +01:00","POS_TX","DECLINED","USD","3.52","USD","0","HUDSONNEWS ST716","3038","Enugbeh mo need owo","insufficient funds"
"2023-11-16 17:41:12 +01:00","POS_TX","APPROVED","USD","32.59","USD","32.59","HUDSON ST1417","3038","Enugbeh mo need owo",""
"2023-11-16 16:58:14 +01:00","POS_TX","APPROVED","USD","28.45","USD","28.45","LYFT   *TEMP AUTH HOLD","3038","Enugbeh mo need owo",""
"2023-11-16 16:58:14 +01:00","REFUND","APPROVED","USD","28.45","USD","28.45","LYFT   *TEMP AUTH HOLD","3038","Enugbeh mo need owo",""
"2023-11-16 16:57:50 +01:00","DEPOSIT","APPROVED","USD","20.00","USD","20.00","Deel Balance","","",""
"2023-11-16 16:57:11 +01:00","POS_TX","DECLINED","USD","28.45","USD","0","LYFT   *TEMP AUTH HOLD","3038","Enugbeh mo need owo","insufficient funds"
"2023-11-16 16:56:30 +01:00","POS_TX","APPROVED","USD","28.45","USD","28.45","LYFT   *TEMP AUTH HOLD","3038","Enugbeh mo need owo",""
"2023-11-16 16:34:04 +01:00","POS_TX","APPROVED","USD","25.38","USD","25.38","LYFT   *TEMP AUTH HOLD","3038","Enugbeh mo need owo",""
"2023-11-16 16:33:04 +01:00","DEPOSIT","APPROVED","USD","50.00","USD","50.00","Deel Balance","","",""
"2023-11-16 16:31:54 +01:00","POS_TX","DECLINED","USD","25.38","USD","0","LYFT   *TEMP AUTH HOLD","3038","Enugbeh mo need owo","insufficient funds"
"2023-11-16 15:14:55 +01:00","POS_TX","APPROVED","USD","20.99","USD","21.45","UBER   * PENDING","3038","Enugbeh mo need owo",""
"2023-11-16 04:02:24 +01:00","POS_TX","APPROVED","USD","15.90","USD","15.90","UBER   * PENDING","3038","Enugbeh mo need owo",""
"2023-11-16 04:02:21 +01:00","REFUND","APPROVED","USD","15.90","USD","15.90","UBER   * PENDING","3038","Enugbeh mo need owo",""
"2023-11-16 04:00:47 +01:00","POS_TX","APPROVED","USD","15.90","USD","15.90","UBER   * PENDING","3038","Enugbeh mo need owo",""
"2023-11-16 03:57:48 +01:00","POS_TX","APPROVED","USD","0.21","USD","0.21","UBER   *TRIP","3038","Enugbeh mo need owo",""
"2023-11-16 00:52:45 +01:00","POS_TX","APPROVED","USD","7.06","USD","7.06","UBER   * PENDING","3038","Enugbeh mo need owo",""
"2023-11-15 22:13:58 +01:00","POS_TX","APPROVED","USD","6.43","USD","6.43","UBER   * PENDING","3038","Enugbeh mo need owo",""
"2023-11-15 21:53:37 +01:00","POS_TX","APPROVED","USD","10.94","USD","10.94","UBER   * PENDING","3038","Enugbeh mo need owo",""
"2023-11-15 21:34:18 +01:00","POS_TX","APPROVED","USD","6.35","USD","6.35","UBER   * PENDING","3038","Enugbeh mo need owo",""
"2023-11-15 19:27:05 +01:00","POS_TX","APPROVED","USD","5.50","USD","5.50","CHICK-FIL-A","3038","Enugbeh mo need owo",""
"2023-11-15 16:57:46 +01:00","POS_TX","APPROVED","USD","6.71","USD","6.92","UBER   * PENDING","3038","Enugbeh mo need owo",""
"2023-11-15 15:45:48 +01:00","POS_TX","APPROVED","USD","17.54","USD","17.54","DD *DOORDASH CVS","3038","Enugbeh mo need owo",""
"2023-11-15 13:49:26 +01:00","POS_TX","APPROVED","USD","46.70","USD","45.71","WALMART.COM","3038","Enugbeh mo need owo",""
"2023-11-15 02:01:11 +01:00","POS_TX","APPROVED","USD","0.07","USD","0.07","UBER   *TRIP","3038","Enugbeh mo need owo",""
"2023-11-15 01:33:07 +01:00","POS_TX","APPROVED","USD","71.37","USD","71.37","AIRBNB * HMSBNSBS8D","3038","Enugbeh mo need owo",""
"2023-11-15 01:30:56 +01:00","DEPOSIT","APPROVED","USD","200.00","USD","200.00","Deel Balance","","",""
"2023-11-15 01:07:47 +01:00","POS_TX","APPROVED","USD","21.82","USD","21.82","DD *DOORDASH CHICK-FIL","3038","Enugbeh mo need owo",""
"2023-11-15 00:20:47 +01:00","POS_TX","APPROVED","USD","7.13","USD","7.13","UBER   * PENDING","3038","Enugbeh mo need owo",""
"2023-11-15 00:20:34 +01:00","REFUND","APPROVED","USD","7.13","USD","7.13","UBER   * PENDING","3038","Enugbeh mo need owo",""
"2023-11-15 00:20:07 +01:00","POS_TX","APPROVED","USD","7.13","USD","7.13","UBER   * PENDING","3038","Enugbeh mo need owo",""
"2023-11-14 15:01:09 +01:00","POS_TX","APPROVED","USD","10.97","USD","11.04","UBER   * PENDING","3038","Enugbeh mo need owo",""
"2023-11-14 00:13:13 +01:00","REFUND","APPROVED","USD","0.06","USD","0.06","UBER   *TRIP","3038","Enugbeh mo need owo",""
"2023-11-13 19:36:50 +01:00","POS_TX","APPROVED","USD","21.82","USD","21.82","DD *DOORDASH CHICK-FIL","3038","Enugbeh mo need owo",""
"2023-11-13 19:25:46 +01:00","POS_TX","APPROVED","USD","28.48","USD","28.48","DD *DOORDASH PIZZAHUT","3038","Enugbeh mo need owo",""
"2023-11-13 04:27:40 +01:00","POS_TX","APPROVED","USD","5.00","USD","5.00","SQ *AIRPORT TAXI CAB #","3038","Enugbeh mo need owo",""
"2023-11-13 04:26:47 +01:00","POS_TX","APPROVED","USD","32.00","USD","32.05","SQ *AIRPORT TAXI CAB #","3038","Enugbeh mo need owo",""
"2023-11-13 00:38:08 +01:00","POS_TX","APPROVED","USD","12.39","USD","12.39","GALILEO BARR B22 ORD","3038","Enugbeh mo need owo",""
"2023-11-12 22:57:53 +01:00","POS_TX","APPROVED","SGD","1.00","USD","0.75","United Airlines - Sing","3038","Enugbeh mo need owo",""
"2023-11-12 22:53:58 +01:00","DEPOSIT","APPROVED","USD","100.00","USD","100.00","Deel Balance","","",""
"2023-11-12 22:50:19 +01:00","POS_TX","APPROVED","USD","135.00","USD","135.00","UNITED","3038","Enugbeh mo need owo",""
"2023-11-12 20:57:42 +01:00","POS_TX","APPROVED","USD","15.91","USD","15.91","UBER   * PENDING","3038","Enugbeh mo need owo",""
"2023-11-12 20:57:19 +01:00","REFUND","APPROVED","USD","15.91","USD","15.91","UBER   * PENDING","3038","Enugbeh mo need owo",""
"2023-11-12 20:52:15 +01:00","POS_TX","APPROVED","USD","15.91","USD","15.91","UBER   * PENDING","3038","Enugbeh mo need owo",""
"2023-11-12 20:51:43 +01:00","REFUND","APPROVED","SGD","22.65","USD","16.95","PAYPAL *UBER","3038","Enugbeh mo need owo",""
"2023-11-12 20:51:42 +01:00","POS_TX","APPROVED","SGD","22.65","USD","16.95","PAYPAL *UBER","3038","Enugbeh mo need owo",""
"2023-11-12 20:27:22 +01:00","POS_TX","APPROVED","USD","37.44","USD","37.44","TST* LEYE - MBURGER WA","3038","Enugbeh mo need owo",""
"2023-11-12 20:15:42 +01:00","POS_TX","APPROVED","USD","60.62","USD","60.62","FOREVER21 1904","3038","Enugbeh mo need owo",""
"2023-11-12 20:12:05 +01:00","REFUND","APPROVED","SGD","40.86","USD","29.88","AIRBNB * HMZW3RT3EP      415-800-5959 GB","3038","Enugbeh mo need owo",""
"2023-11-12 18:38:31 +01:00","DEPOSIT","APPROVED","USD","200.00","USD","200.00","Deel Balance","","",""
"2023-11-12 18:36:54 +01:00","POS_TX","APPROVED","USD","307.60","USD","307.60","APPLE STORE  #R035","3038","Enugbeh mo need owo",""
"2023-11-12 18:36:42 +01:00","DEPOSIT","APPROVED","USD","100.00","USD","100.00","Deel Balance","","",""
"2023-11-12 18:01:11 +01:00","POS_TX","APPROVED","USD","46.25","USD","46.25","APPLE STORE  #R035","3038","Enugbeh mo need owo",""
"2023-11-12 17:30:43 +01:00","POS_TX","APPROVED","SGD","16.92","USD","13.16","PAYPAL *UBER","3038","Enugbeh mo need owo",""
"2023-11-12 15:40:04 +01:00","FEE","APPROVED","USD","10.00","USD","10.00","Deel Inc. - New Card Fee","----","Untitled Card",""
"2023-11-12 15:40:04 +01:00","DEPOSIT","APPROVED","USD","100.00","USD","100.00","Deel Balance","","",""
"2023-11-12 03:02:34 +01:00","POS_TX","APPROVED","USD","7.54","USD","7.54","DD *DOORDASH JEWEL-OSC","3038","Enugbeh mo need owo",""
"2023-11-12 02:58:22 +01:00","POS_TX","APPROVED","USD","65.46","USD","65.46","DD *DOORDASH COMFORTSA","3038","Enugbeh mo need owo",""
"2023-11-12 02:16:06 +01:00","POS_TX","APPROVED","USD","30.76","USD","30.76","ZARA USA 3697","3038","Enugbeh mo need owo",""
"2023-11-12 01:27:09 +01:00","POS_TX","APPROVED","USD","126.58","USD","126.58","NikePOS_US","3038","Enugbeh mo need owo",""
"2023-11-12 00:44:38 +01:00","POS_TX","APPROVED","USD","8.81","USD","8.81","7-ELEVEN 33729","3038","Enugbeh mo need owo",""
"2023-11-12 00:41:34 +01:00","POS_TX","APPROVED","USD","2.63","USD","2.63","7-ELEVEN 33729","3038","Enugbeh mo need owo",""
"2023-11-11 23:35:40 +01:00","POS_TX","APPROVED","USD","113.52","USD","113.52","FOREVER21 1904","3038","Enugbeh mo need owo",""
"2023-11-11 21:29:52 +01:00","POS_TX","APPROVED","USD","7.31","USD","7.31","CHICK-FIL-A #02841","3038","Enugbeh mo need owo",""
"2023-11-11 21:13:25 +01:00","POS_TX","APPROVED","USD","10.21","USD","10.21","CHICK-FIL-A #02841","3038","Enugbeh mo need owo",""
"2023-11-11 20:27:57 +01:00","POS_TX","APPROVED","SGD","19.71","USD","14.87","PAYPAL *UBER","3038","Enugbeh mo need owo",""
"2023-11-11 14:33:12 +01:00","REFUND","APPROVED","SGD","216.43","USD","161.99","PAYPAL *ME","3038","Enugbeh mo need owo",""
"2023-11-10 21:11:48 +01:00","POS_TX","APPROVED","USD","125.22","USD","125.22","AIRBNB * HMZW3RT3EP","3038","Enugbeh mo need owo",""
"2023-11-10 20:37:53 +01:00","POS_TX","APPROVED","USD","12.62","USD","12.62","STARBUCKS STORE 0226","3038","Enugbeh mo need owo",""
"2023-11-10 15:49:58 +01:00","POS_TX","APPROVED","SGD","216.43","USD","161.99","PAYPAL *ME","3038","Enugbeh mo need owo",""
"2023-11-10 03:33:51 +01:00","POS_TX","APPROVED","SGD","70.90","USD","53.10","PAYPAL *HOLUWALOLOPE","3038","Enugbeh mo need owo",""
"2023-11-10 00:47:13 +01:00","POS_TX","APPROVED","USD","14.25","USD","14.25","CURB MOBILITY","3038","Enugbeh mo need owo",""
"2023-11-09 22:21:53 +01:00","POS_TX","APPROVED","USD","90.00","USD","90.00","AT *FIELD MUSEUM","3038","Enugbeh mo need owo",""
"2023-11-09 04:25:46 +01:00","POS_TX","APPROVED","SGD","26.76","USD","20.02","PAYPAL *UBER","3038","Enugbeh mo need owo",""
"2023-11-09 04:08:17 +01:00","POS_TX","APPROVED","SGD","29.60","USD","5.32","PAYPAL *UBER","3038","Enugbeh mo need owo",""
"2023-11-08 20:18:29 +01:00","POS_TX","APPROVED","SGD","26.82","USD","20.07","PAYPAL *UBER","3038","Enugbeh mo need owo",""
"2023-11-08 13:16:22 +01:00","POS_TX","APPROVED","USD","481.43","USD","481.43","AIRBNB * HMZW3RT3EP","3038","Enugbeh mo need owo",""
"2023-11-08 03:15:53 +01:00","POS_TX","APPROVED","USD","81.19","USD","81.19","COMFORTS AFRICAN CUISI","3038","Enugbeh mo need owo",""
"2023-11-06 23:46:56 +01:00","POS_TX","APPROVED","USD","18.90","USD","18.90","CURB MOBILITY","3038","Enugbeh mo need owo",""
"2023-11-06 23:29:50 +01:00","REFUND","APPROVED","USD","21.95","USD","21.95","UBR* PENDING.UBER.COM","3038","Enugbeh mo need owo",""
"2023-11-06 23:20:38 +01:00","POS_TX","APPROVED","USD","21.95","USD","21.95","UBR* PENDING.UBER.COM","3038","Enugbeh mo need owo",""
"2023-11-06 18:06:52 +01:00","POS_TX","APPROVED","SGD","13.65","USD","10.22","PAYPAL *ME","3038","Enugbeh mo need owo",""
"2023-11-06 13:19:19 +01:00","REFUND","APPROVED","SGD","1.00","USD","0.76","PAYPAL","3038","Enugbeh mo need owo",""
"2023-11-06 13:19:15 +01:00","POS_TX","APPROVED","SGD","1.00","USD","0.76","PAYPAL","3038","Enugbeh mo need owo",""
"2023-11-06 03:18:20 +01:00","POS_TX","APPROVED","USD","12.93","USD","5.02","UBR* PENDING.UBER.COM","3038","Enugbeh mo need owo",""
"2023-11-06 01:44:57 +01:00","POS_TX","APPROVED","SGD","491.40","USD","287.80","United Airlines - Sing","3038","Enugbeh mo need owo",""
"2023-11-06 01:36:27 +01:00","POS_TX","DECLINED","USD","1.00","USD","0","GOOGLE *TEMPORARY HOLD","3038","Enugbeh mo need owo","wrong CVV"
"2023-11-05 22:38:46 +01:00","POS_TX","APPROVED","USD","400.00","USD","99.68","HILTON PALMER HOUSE","3038","Enugbeh mo need owo",""
"2023-11-05 22:29:43 +01:00","POS_TX","APPROVED","USD","0.06","USD","0.06","UBER   *TRIP","3038","Enugbeh mo need owo",""
"2023-11-05 22:19:17 +01:00","POS_TX","APPROVED","USD","5.50","USD","5.56","UBR* PENDING.UBER.COM","3038","Enugbeh mo need owo",""
"2023-11-05 00:40:58 +01:00","POS_TX","APPROVED","USD","29.62","USD","29.62","TELLO US","3038","Enugbeh mo need owo",""
"2023-11-05 00:39:23 +01:00","POS_TX","DECLINED","USD","0","USD","0","GOOGLE *TEMPORARY HOLD","3038","Enugbeh mo need owo","wrong CVV"
"2023-11-05 00:39:17 +01:00","POS_TX","DECLINED","USD","0","USD","0","GOOGLE *TEMPORARY HOLD","3038","Enugbeh mo need owo","wrong CVV"
"2023-11-05 00:15:37 +01:00","POS_TX","DECLINED","USD","0","USD","0","GOOGLE *TEMPORARY HOLD","2001","Untitled Card","wrong CVV"
"2023-11-04 18:12:54 +01:00","POS_TX","APPROVED","EUR","8.00","USD","8.84","KLM NETHERLANDS","2001","Untitled Card",""
"2023-11-03 19:14:15 +01:00","DEPOSIT","APPROVED","USD","2,000.00","USD","2,000.00","Deel Balance","","",""
"2023-11-03 02:44:02 +01:00","POS_TX","APPROVED","USD","4.30","USD","4.30","AWS EMEA","3038","Enugbeh mo need owo",""
"2023-10-31 12:59:16 +01:00","WITHDRAWAL","APPROVED","USD","4,000.00","USD","4,000.00","Deel Balance","","",""
"2023-10-31 12:58:57 +01:00","DEPOSIT","APPROVED","USD","4,000.00","USD","4,000.00","Deel Balance","","",""
"2023-10-26 13:29:12 +01:00","POS_TX","APPROVED","USD","783.85","USD","783.85","KLM","3038","Enugbeh mo need owo",""
"2023-10-26 13:27:05 +01:00","DEPOSIT","APPROVED","USD","50.00","USD","50.00","Deel Balance","","",""
"2023-10-26 13:26:48 +01:00","DEPOSIT","APPROVED","USD","750.00","USD","750.00","Deel Balance","","",""
"2023-10-24 11:09:44 +01:00","WITHDRAWAL","APPROVED","USD","60.00","USD","60.00","Deel Balance","","",""
"2023-10-24 11:09:32 +01:00","DEPOSIT","APPROVED","USD","30.00","USD","30.00","Deel Balance","","",""
"2023-10-13 16:05:57 +01:00","POS_TX","APPROVED","USD","362.89","USD","362.89","AIRBNB * HM5WZS22MW","3038","Enugbeh mo need owo",""
"2023-10-13 16:02:53 +01:00","DEPOSIT","APPROVED","USD","400.00","USD","400.00","Deel Balance","","",""
"2023-10-13 12:36:55 +01:00","WITHDRAWAL","APPROVED","USD","120.00","USD","120.00","Deel Balance","","",""
"2023-10-13 12:35:52 +01:00","POS_TX","APPROVED","USD","250.00","USD","250.00","EVENT* THE LINUX FOUND","3038","Enugbeh mo need owo",""
"2023-10-13 12:31:15 +01:00","DEPOSIT","APPROVED","USD","370.00","USD","370.00","Deel Balance","","",""
"2023-10-13 10:27:01 +01:00","POS_TX","APPROVED","USD","4.30","USD","4.30","AWS EMEA","3038","Enugbeh mo need owo",""
"2023-10-13 10:26:12 +01:00","POS_TX","DECLINED","USD","4.30","USD","0","AWS EMEA","3038","Enugbeh mo need owo","blocked card"
"2023-10-13 10:24:55 +01:00","DEPOSIT","APPROVED","USD","10.00","USD","10.00","Deel Balance","","",""
"2023-10-13 10:07:52 +01:00","POS_TX","DECLINED","USD","4.30","USD","0","AWS EMEA","3038","Enugbeh mo need owo","blocked card"
"2023-10-09 08:53:57 +01:00","POS_TX","DECLINED","USD","4.30","USD","0","AWS EMEA","3038","Enugbeh mo need owo","blocked card"
"2023-10-06 07:29:30 +01:00","POS_TX","DECLINED","USD","4.30","USD","0","AWS EMEA","3038","Enugbeh mo need owo","blocked card"
"2023-10-05 16:07:10 +01:00","POS_TX","DECLINED","EUR","6.68","USD","0","Google GSUITE_pupple.c","3038","Enugbeh mo need owo","blocked card"
"2023-10-04 16:07:05 +01:00","POS_TX","DECLINED","EUR","6.68","USD","0","GOOGLE*GSUITE PUPPLE.C","3038","Enugbeh mo need owo","insufficient funds"
"2023-10-03 06:06:44 +01:00","POS_TX","DECLINED","USD","4.30","USD","0","AWS EMEA","3038","Enugbeh mo need owo","insufficient funds"
"2023-09-29 10:30:52 +01:00","POS_TX","APPROVED","USD","1,339.85","USD","1,339.85","KLM NIGERIA WEB","3038","Enugbeh mo need owo",""
"2023-09-29 10:29:09 +01:00","DEPOSIT","APPROVED","USD","3.00","USD","3.00","Deel Balance","","",""
"2023-09-29 10:28:12 +01:00","DEPOSIT","APPROVED","USD","30.00","USD","30.00","Deel Balance","","",""
"2023-09-29 10:27:33 +01:00","POS_TX","DECLINED","USD","1,339.85","USD","0","KLM NIGERIA WEB","3038","Enugbeh mo need owo","insufficient funds"
"2023-09-29 10:13:34 +01:00","DEPOSIT","APPROVED","USD","1,350.00","USD","1,350.00","Deel Balance","","",""
"2023-09-29 10:13:34 +01:00","FEE","APPROVED","USD","40.00","USD","40.00","Deel Inc. - Card Delivery Fee","2001","Untitled Card",""
"2023-09-29 10:13:34 +01:00","FEE","APPROVED","USD","10.00","USD","10.00","Deel Inc. - New Card Fee","2001","Untitled Card",""
"2023-09-17 23:46:25 +01:00","POS_TX","APPROVED","ZAR","1,099.95","USD","58.53","EA *ELECTRONIC ARTS","3038","Enugbeh mo need owo",""
"2023-09-17 23:45:47 +01:00","POS_TX","DECLINED","SGD","1.00","USD","0","EA *ELECTRONIC ARTS","3038","Enugbeh mo need owo","wrong CVV"
"2023-09-17 23:45:46 +01:00","POS_TX","DECLINED","SGD","0","USD","0","EA *ELECTRONIC ARTS","3038","Enugbeh mo need owo","wrong CVV"
"2023-09-17 23:45:24 +01:00","DEPOSIT","APPROVED","USD","60.00","USD","60.00","Deel Balance","","",""
"2023-09-09 10:20:45 +01:00","POS_TX","APPROVED","USD","4.30","USD","4.30","AWS EMEA","3038","Enugbeh mo need owo",""
"2023-09-09 10:16:21 +01:00","DEPOSIT","APPROVED","USD","10.00","USD","10.00","Deel Balance","","",""
"2023-09-09 10:03:43 +01:00","POS_TX","DECLINED","USD","4.30","USD","0","AWS EMEA","3038","Enugbeh mo need owo","insufficient funds"
"2023-09-06 09:07:14 +01:00","POS_TX","DECLINED","USD","4.30","USD","0","AWS EMEA","3038","Enugbeh mo need owo","insufficient funds"
"2023-09-03 07:42:02 +01:00","POS_TX","DECLINED","USD","4.30","USD","0","AWS EMEA","3038","Enugbeh mo need owo","insufficient funds"
"2023-09-03 04:43:51 +01:00","POS_TX","APPROVED","USD","239.15","USD","239.15","AMAZON.COM.PAYMENTS","3038","Enugbeh mo need owo",""
"2023-09-02 18:13:59 +01:00","POS_TX","APPROVED","USD","46.95","USD","46.95","AMZN Mktp US","3038","Enugbeh mo need owo",""
"2023-09-01 07:57:47 +01:00","DEPOSIT","APPROVED","USD","230.00","USD","230.00","Deel Balance","","",""
"2023-08-25 05:23:03 +01:00","POS_TX","APPROVED","USD","143.15","USD","94.59","AMZN Mktp US","3038","Enugbeh mo need owo",""
"2023-08-24 22:55:26 +01:00","DEPOSIT","APPROVED","USD","150.00","USD","150.00","Deel Balance","","",""
"2023-08-10 18:48:33 +01:00","POS_TX","DECLINED","USD","87.27","USD","0","AWS EMEA","3038","Enugbeh mo need owo","insufficient funds"
"2023-08-09 22:19:46 +01:00","POS_TX","DECLINED","USD","30.41","USD","0","AWS EMEA","3038","Enugbeh mo need owo","insufficient funds"
"2023-08-09 12:17:29 +01:00","POS_TX","DECLINED","USD","20.00","USD","0","CHATGPT SUBSCRIPTION","3038","Enugbeh mo need owo","insufficient funds"
"2023-08-06 21:28:08 +01:00","POS_TX","DECLINED","USD","30.41","USD","0","AWS EMEA","3038","Enugbeh mo need owo","insufficient funds"
"2023-08-02 19:43:53 +01:00","POS_TX","DECLINED","USD","30.41","USD","0","AWS EMEA","3038","Enugbeh mo need owo","insufficient funds"
"2023-08-01 10:27:40 +01:00","POS_TX","APPROVED","USD","200.00","USD","200.00","EVENT* THE LINUX FOUND","3038","Enugbeh mo need owo",""
"2023-08-01 10:27:31 +01:00","DEPOSIT","APPROVED","USD","200.00","USD","200.00","Deel Balance","","",""
"2023-07-29 01:13:44 +01:00","POS_TX","DECLINED","USD","87.27","USD","0","AWS EMEA","3038","Enugbeh mo need owo","insufficient funds"
"2023-07-21 23:40:10 +01:00","POS_TX","DECLINED","USD","87.27","USD","0","AWS EMEA","3038","Enugbeh mo need owo","insufficient funds"
"2023-07-19 16:06:05 +01:00","WITHDRAWAL","APPROVED","USD","40.00","USD","40.00","Deel Balance","","",""
"2023-07-19 16:05:49 +01:00","WITHDRAWAL","APPROVED","USD","10.00","USD","10.00","Deel Balance","","",""
"2023-07-18 20:44:38 +01:00","REFUND","APPROVED","USD","8.99","USD","8.99","STEAMGAMES.COM 4259522   Bellevue     US","3038","Enugbeh mo need owo",""
"2023-07-17 22:26:24 +01:00","POS_TX","DECLINED","USD","87.27","USD","0","AWS EMEA","3038","Enugbeh mo need owo","insufficient funds"
"2023-07-13 20:58:33 +01:00","POS_TX","DECLINED","USD","87.27","USD","0","AWS EMEA","3038","Enugbeh mo need owo","insufficient funds"
"2023-07-13 19:31:43 +01:00","REFUND","APPROVED","USD","37.28","USD","37.28","WL *STEAM PURCHASE","3038","Enugbeh mo need owo",""
"2023-07-13 13:19:12 +01:00","POS_TX","APPROVED","USD","37.28","USD","37.28","WL *STEAM PURCHASE","3038","Enugbeh mo need owo",""
"2023-07-13 13:17:32 +01:00","DEPOSIT","APPROVED","USD","40.00","USD","40.00","Deel Balance","","",""
"2023-07-11 17:51:36 +01:00","POS_TX","APPROVED","USD","8.99","USD","8.99","STEAMGAMES.COM 4259522","3038","Enugbeh mo need owo",""
"2023-07-11 13:38:55 +01:00","DEPOSIT","APPROVED","USD","10.00","USD","10.00","Deel Balance","","",""
"2023-07-09 20:34:28 +01:00","POS_TX","DECLINED","USD","87.27","USD","0","AWS EMEA","3038","Enugbeh mo need owo","blocked card"
"2023-07-09 11:05:02 +01:00","POS_TX","APPROVED","USD","20.00","USD","20.00","CHATGPT SUBSCRIPTION","3038","Enugbeh mo need owo",""
"2023-07-09 11:03:50 +01:00","DEPOSIT","APPROVED","USD","20.00","USD","20.00","Deel Balance","","",""
"2023-07-06 19:21:06 +01:00","POS_TX","DECLINED","USD","87.27","USD","0","AWS EMEA","3038","Enugbeh mo need owo","blocked card"
"2023-07-06 11:33:24 +01:00","POS_TX","APPROVED","USD","40.91","USD","40.91","AWS EMEA","3038","Enugbeh mo need owo",""
"2023-07-06 11:32:59 +01:00","DEPOSIT","APPROVED","USD","2.00","USD","2.00","Deel Balance","","",""
"2023-07-06 11:32:28 +01:00","POS_TX","DECLINED","USD","40.91","USD","0","AWS EMEA","3038","Enugbeh mo need owo","insufficient funds"
"2023-07-06 11:32:00 +01:00","DEPOSIT","APPROVED","USD","40.00","USD","40.00","Deel Balance","","",""
"2023-07-02 19:10:57 +01:00","POS_TX","DECLINED","USD","87.27","USD","0","AWS EMEA","3038","Enugbeh mo need owo","blocked card"
"2023-06-28 20:39:12 +01:00","POS_TX","DECLINED","USD","40.91","USD","0","AWS EMEA","3038","Enugbeh mo need owo","blocked card"
"2023-06-25 10:49:46 +01:00","WITHDRAWAL","APPROVED","USD","1.82","USD","1.82","Deel Balance","","",""
"2023-06-21 20:12:26 +01:00","POS_TX","DECLINED","USD","40.91","USD","0","AWS EMEA","3038","Enugbeh mo need owo","blocked card"
"2023-06-17 19:26:08 +01:00","POS_TX","DECLINED","USD","40.91","USD","0","AWS EMEA","3038","Enugbeh mo need owo","blocked card"
"2023-06-13 17:55:13 +01:00","POS_TX","DECLINED","USD","40.91","USD","0","AWS EMEA","3038","Enugbeh mo need owo","blocked card"
"2023-06-09 16:35:57 +01:00","POS_TX","DECLINED","USD","40.91","USD","0","AWS EMEA","3038","Enugbeh mo need owo","blocked card"
"2023-06-07 02:50:05 +01:00","POS_TX","DECLINED","USD","20.00","USD","0","CHATGPT SUBSCRIPTION","3038","Enugbeh mo need owo","blocked card"
"2023-06-06 16:23:25 +01:00","POS_TX","DECLINED","USD","40.91","USD","0","AWS EMEA","3038","Enugbeh mo need owo","blocked card"
"2023-06-04 02:11:13 +01:00","POS_TX","APPROVED","EUR","70.46","USD","76.91","DNH*GO DADDY EUROPE EU","3038","Enugbeh mo need owo",""
"2023-06-04 02:10:57 +01:00","DEPOSIT","APPROVED","USD","5.00","USD","5.00","Deel Balance","","",""
"2023-06-04 02:10:16 +01:00","POS_TX","DECLINED","EUR","70.46","USD","0","DNH*GODADDY.COM EUROPE","3038","Enugbeh mo need owo","insufficient funds"
"2023-06-04 02:09:46 +01:00","DEPOSIT","APPROVED","USD","70.00","USD","70.00","Deel Balance","","",""
"2023-06-02 14:44:56 +01:00","POS_TX","DECLINED","USD","40.91","USD","0","AWS EMEA","3038","Enugbeh mo need owo","insufficient funds"
"2023-06-01 21:54:50 +01:00","POS_TX","APPROVED","USD","671.98","USD","671.98","AIRBNB * HMJW3T3CR3","3038","Enugbeh mo need owo",""
"2023-06-01 21:42:08 +01:00","DEPOSIT","APPROVED","USD","640.00","USD","640.00","Deel Balance","","",""
"2023-05-21 10:00:36 +01:00","POS_TX","APPROVED","GBP","17.43","USD","22.06","DNH*GODADDY.COM EUROPE","3038","Enugbeh mo need owo",""
"2023-05-21 09:59:24 +01:00","DEPOSIT","APPROVED","USD","50.00","USD","50.00","Deel Balance","","",""
"2023-05-07 01:48:21 +01:00","POS_TX","APPROVED","USD","20.00","USD","20.00","CHATGPT SUBSCRIPTION","3038","Enugbeh mo need owo",""
"2023-05-07 01:46:38 +01:00","DEPOSIT","APPROVED","USD","20.00","USD","20.00","Deel Balance","","",""
"2023-05-04 21:34:08 +01:00","POS_TX","APPROVED","USD","4.30","USD","4.30","AWS EMEA","3038","Enugbeh mo need owo",""
"2023-05-04 21:33:23 +01:00","POS_TX","APPROVED","USD","4.33","USD","4.33","AWS EMEA","3038","Enugbeh mo need owo",""
"2023-05-04 21:32:59 +01:00","POS_TX","APPROVED","USD","4.30","USD","4.30","AWS EMEA","3038","Enugbeh mo need owo",""
"2023-05-04 21:32:06 +01:00","POS_TX","APPROVED","USD","4.30","USD","4.30","AWS EMEA","3038","Enugbeh mo need owo",""
"2023-05-04 19:59:14 +01:00","POS_TX","DECLINED","USD","20.91","USD","0","Wise","3038","Enugbeh mo need owo","security risk detected"
"2023-05-04 19:59:14 +01:00","POS_TX","DECLINED","USD","20.91","USD","0","Wise","3038","Enugbeh mo need owo","restricted transaction"
"2023-05-04 19:57:18 +01:00","FEE","APPROVED","USD","5.00","USD","5.00","Deel Inc. - New Card Fee","3038","Enugbeh mo need owo",""
"2023-05-04 19:57:18 +01:00","DEPOSIT","APPROVED","USD","30.00","USD","30.00","Deel Balance","","",""